{"cameraMode":{"drawMode":0,"name":"Shaded","section":"Shading Mode"},"sceneLighting":true,"audioPlay":false,"sceneViewState":{"showFog":true,"showMaterialUpdate":false,"showSkybox":true,"showFlares":true,"showImageEffects":true,"showParticleSystems":true},"in2DMode":false,"pivot":{"x":10.825254440307618,"y":4.011073112487793,"z":5.201944351196289},"rotation":{"x":0.14947640895843507,"y":0.6434966921806336,"z":-0.1301555037498474,"w":0.7394932508468628},"size":30.50212860107422,"orthographic":false}