{"cameraMode":{"drawMode":0,"name":"Shaded","section":"Shading Mode"},"sceneLighting":true,"audioPlay":false,"sceneViewState":{"showFog":true,"showMaterialUpdate":false,"showSkybox":true,"showFlares":true,"showImageEffects":true,"showParticleSystems":true},"in2DMode":false,"pivot":{"x":-0.6074941158294678,"y":12.7193603515625,"z":-27.21929931640625},"rotation":{"x":-0.21714532375335694,"y":-0.03367619588971138,"z":0.007552243769168854,"w":-0.9756383895874023},"size":6.052288055419922,"orthographic":false}